{"cameraMode":{"drawMode":0,"name":"Shaded","section":"Shading Mode"},"sceneLighting":true,"audioPlay":false,"sceneViewState":{"showFog":true,"showMaterialUpdate":false,"showSkybox":true,"showFlares":true,"showImageEffects":true,"showParticleSystems":true,"showVisualEffectGraphs":true,"m_FxEnabled":true},"in2DMode":false,"pivot":{"x":0.2221440225839615,"y":-0.816072404384613,"z":2.6785926818847658},"rotation":{"x":-0.07374151051044464,"y":-0.0038936922792345287,"z":0.0002863701374735683,"w":-0.9972636699676514},"size":4.434199810028076,"orthographic":false}